{"type":"Topology","objects":{"neighbors":{"type":"GeometryCollection","geometries":[{"type":"Point","id":"Kanpur","properties":{"featurecla":"Populated place","city":"Kanpur","scalerank":2},"coordinates":[2160,3022]},{"type":"Point","id":"Patna","properties":{"featurecla":"Admin-1 capital","city":"Patna","scalerank":2},"coordinates":[5547,1865]}]},"countries":{"type":"GeometryCollection","geometries":[{"type":"Polygon","id":"Bangladesh","properties":{"country":"Bangladesh"},"arcs":[[0,1,-3,3,4,5,-7,7,8]]},{"type":"Polygon","id":"Bhutan","properties":{"country":"Bhutan"},"arcs":[[9,10,11]]},{"type":"Polygon","id":"China","properties":{"country":"China"},"arcs":[[-12,12,13,14,15]]},{"type":"Polygon","id":"India","properties":{"country":"India"},"arcs":[[-15,16,-13,-11,17,-9,-8,6,-6,-5,-4,2,-2,18]]},{"type":"Polygon","id":"Nepal","properties":{"country":"Nepal"},"arcs":[[-17,-14]]}]},"cities":{"type":"GeometryCollection","geometries":[{"type":"Point","id":"Nepalganj","properties":{"featurecla":"Admin-1 capital","city":"Nepalganj","scalerank":7},"coordinates":[3075,5222]},{"type":"Point","id":"Birganj","properties":{"featurecla":"Populated place","city":"Birganj","scalerank":7},"coordinates":[5363,3768]},{"type":"Point","id":"Biratnagar","properties":{"featurecla":"Admin-1 capital","city":"Biratnagar","scalerank":7},"coordinates":[7065,3052]},{"type":"Point","id":"Pokhara","properties":{"featurecla":"Admin-1 capital","city":"Pokhara","scalerank":7},"coordinates":[4733,5517]},{"type":"Point","id":"Kathmandu","properties":{"featurecla":"Admin-0 capital","city":"Kathmandu","scalerank":3},"coordinates":[5679,4762]}]},"lakes":{"type":"GeometryCollection","geometries":[{"type":"Polygon","arcs":[[19]]},{"type":"Polygon","arcs":[[20]]},{"type":"Polygon","arcs":[[21]]},{"type":"MultiPolygon","arcs":[[[22]],[[23]]]},{"type":"Polygon","arcs":[[24]]},{"type":"Polygon","arcs":[[25]]},{"type":"Polygon","arcs":[[26]]},{"type":"Polygon","arcs":[[27]]},{"type":"MultiPolygon","arcs":[[[28]],[[29]]]},{"type":"Polygon","arcs":[[30]]},{"type":"Polygon","arcs":[[31]]},{"type":"Polygon","arcs":[[32]]},{"type":"Polygon","arcs":[[33]]},{"type":"Polygon","arcs":[[34]]},{"type":"Polygon","arcs":[[35]]},{"type":"Polygon","arcs":[[36]]},{"type":"Polygon","arcs":[[37]]},{"type":"Polygon","arcs":[[38]]},{"type":"Polygon","arcs":[[39]]},{"type":"Polygon","arcs":[[40]]},{"type":"Polygon","arcs":[[41]]},{"type":"Polygon","arcs":[[42]]},{"type":"Polygon","arcs":[[43]]}]},"rivers":{"type":"GeometryCollection","geometries":[{"type":"MultiLineString","arcs":[[44],[45],[46]]},{"type":"MultiLineString","arcs":[[47],[48,49]]},{"type":"LineString","arcs":[50]},{"type":"LineString","arcs":[51]},{"type":"LineString","arcs":[52]},{"type":"LineString","arcs":[53]},{"type":"LineString","arcs":[54]},{"type":"LineString","arcs":[55]},{"type":"LineString","arcs":[56]},{"type":"LineString","arcs":[57]},{"type":"LineString","arcs":[58]},{"type":"MultiLineString","arcs":[[59,60,6,61,62,63,2,64],[65],[66]]},{"type":"LineString","arcs":[67]}]}},"arcs":[[[9999,1186],[0,-1186],[-1909,0]],[[8090,0],[-1,10]],[[8073,49],[16,-39]],[[8073,49],[-23,26],[-15,6],[-8,-32],[-11,-29],[-15,-2],[-35,21],[-45,4],[-17,6],[-52,75],[-185,174],[-20,8],[-1,10],[-7,20]],[[7639,336],[-6,14],[-3,6]],[[7630,356],[0,6],[0,73],[-3,8]],[[7617,462],[10,-19]],[[7617,462],[-7,28],[-12,9]],[[7598,499],[-13,7],[4,42],[6,25],[9,24],[3,61],[8,6],[9,2],[5,13],[1,19],[2,17],[4,9],[10,-2],[6,25],[10,17],[7,18],[-2,26],[-9,48],[-4,12],[-3,7],[0,6],[35,35],[13,8],[13,-3],[12,-14],[10,-23],[6,-27],[1,-25],[8,-1],[30,-14],[11,-2],[7,9],[13,40],[24,58],[9,32],[2,36],[16,37],[8,41],[6,91],[-2,78],[7,23],[24,7],[12,-5],[22,-16],[19,-9],[3,-3],[4,0],[8,3],[4,6],[9,17],[7,5],[24,-2],[22,-7],[42,-28],[42,-8],[6,8],[7,30],[4,10],[6,2],[5,-3],[4,-5],[48,-30],[18,-2],[-10,29],[13,5],[2,14],[-2,18],[1,19],[6,15],[26,34],[5,14],[2,14],[-1,13],[-6,11],[-34,-3],[-17,4],[-11,22],[-5,6],[-14,2],[-7,3],[-5,8],[-17,37],[-3,15],[-1,13],[-2,12],[-7,10],[0,8],[11,50],[0,29],[-7,18],[-9,15],[-8,18],[-6,9],[-22,15],[1,-24],[-7,-6],[-7,1],[-6,2],[-6,-2],[-7,-11],[-7,-14],[-6,-11],[-8,-4],[-15,6],[-23,27],[-13,12],[-30,2],[-15,5],[-7,12],[-5,20],[-19,27],[-8,27],[-26,24],[-10,17],[-3,86],[-19,37],[-51,62],[-42,88],[-23,21],[-32,-16],[-11,-13],[-14,-11],[-13,-1],[-9,17],[-5,27],[-4,12],[-11,22],[0,12],[1,12],[-5,21],[-5,62],[2,6],[4,5],[4,10],[13,78],[13,47],[18,24],[5,27],[-1,15],[-4,8],[-4,5],[-3,7],[-1,13],[1,7],[2,8],[8,45],[6,17],[23,26],[6,10],[5,10],[5,9],[7,5],[15,5],[41,25],[12,14],[6,21],[-1,50],[3,20],[10,27],[11,17],[33,37],[5,12],[4,13],[4,6],[7,-9],[5,-3],[6,-1],[7,1],[5,3],[16,-4],[-1,35],[-15,74],[-10,31],[-18,15],[-41,14],[-16,13],[-5,-1],[-3,-9],[-2,-32],[-3,-8],[-9,5],[-5,18],[-1,23],[4,18],[9,28],[14,88],[5,20],[9,26],[9,17],[6,-8],[1,-26],[0,-29],[2,-27],[9,-19],[25,-13],[11,-10],[9,-19],[9,-13],[8,-15],[6,-10],[14,-17],[16,-12],[6,-1],[14,0],[9,-6],[5,-14],[4,-15],[5,-13],[8,-9],[7,-6],[17,-7],[-3,-11],[-2,-12],[2,-10],[6,-3],[5,-5],[0,-24],[4,-10],[16,-15],[9,-13],[2,-17],[-6,-26],[-9,-14],[-26,-23],[-6,-10],[13,-16],[59,39],[26,-17],[5,-22],[5,-23],[7,-20],[11,-9],[12,7],[10,46],[14,17],[19,-6],[31,-55],[20,-12],[32,14],[14,17],[-4,26],[-8,4],[-8,1],[-5,9],[2,30],[-6,-8],[-6,-3],[-6,3],[-5,11],[-6,40],[-18,16],[-20,12],[-14,28],[-1,23],[6,26],[9,23],[9,16],[11,10],[7,-4],[6,-11],[11,-15],[8,-7],[11,-22],[6,-10],[8,-5],[16,-7],[6,-9],[3,-17],[-2,-12],[1,-9],[11,-9],[17,-9],[5,-10],[1,-19],[-6,-5],[-11,8],[-8,-2],[1,-37],[4,-23],[14,-41],[6,-22],[5,-84],[6,-25],[8,-18],[47,-36],[11,-12],[7,-17],[4,-27],[6,-12],[25,-21],[17,-35],[13,-16],[14,-11],[11,-2],[12,12],[8,13],[8,0],[11,-28],[3,-2],[4,-1],[3,1],[4,2],[38,6],[4,-1],[3,-2],[4,-3],[10,-31],[6,-14],[7,-7],[9,3],[5,13],[2,17],[0,19],[6,38],[30,46],[6,23],[-5,17],[-9,1],[-10,-4],[-7,7],[0,16],[8,12],[10,9],[8,9],[-13,3],[-11,10],[-5,18],[8,25],[4,7],[5,4],[5,1],[14,-8],[1,7],[-5,16],[-1,42],[5,12],[15,9],[13,-5],[3,-20],[0,-29],[0,-30],[-1,-6],[1,-2],[9,-8],[5,-1],[14,2],[6,0],[9,-12],[4,-21],[3,-23],[6,-19],[9,-23],[1,-17],[-2,-17],[1,-24],[4,-13],[15,-34],[5,-18],[4,-10],[4,-2],[5,3],[4,9],[1,0],[1,2],[1,0],[1,0],[1,-2],[9,-21],[-2,-19],[-10,-15],[-13,-8],[13,-15],[11,-2],[5,-7],[-3,-33],[-30,-96],[-3,-34],[13,-124],[16,-70],[7,-55],[-6,-97],[-1,-104],[-11,-69],[-5,-37],[-1,-14],[-3,-40],[2,-47],[6,-49],[9,-27],[11,-4],[25,18],[26,2],[157,-118],[110,-43],[55,-42],[24,-2],[72,28],[58,-9],[28,13],[10,-1],[8,-4],[15,-13],[26,-8],[6,1],[4,4],[8,14],[4,4],[11,-3],[9,-10],[9,-11],[10,-10],[20,-4],[79,20],[6,1],[23,15],[112,32],[40,-2],[8,2],[16,14],[7,1],[34,-32],[104,-57],[13,-2]],[[9999,5132],[0,-1545]],[[9999,3587],[-21,2],[-10,-3],[-12,-15],[-8,-22],[-5,-25],[-9,-25],[-9,-16],[-10,-13],[-12,-10],[-12,-5],[-15,-1],[-9,7],[-21,22],[-24,10],[-50,-2],[-25,6],[-21,-1],[-35,-28],[-4,-3],[-44,-4],[-160,-17],[-91,18],[-79,73],[-66,82],[-23,7],[-15,-8],[-10,-15],[-9,-16],[-12,-16],[-13,-8],[-26,2],[-13,-2],[-23,-27],[-18,-83],[-17,-28],[-27,-14],[-80,-13],[-45,-21],[-15,-3],[-7,2],[-15,8],[-1,0],[-5,2],[-3,2],[-5,9],[-3,0],[-4,-5],[-1,-7],[-1,-7],[0,-3],[0,-3],[-1,-8],[-2,-9],[-4,-7],[-2,0],[-7,5],[-3,1],[-28,0],[-4,1],[-11,3],[-38,29],[-15,2],[-25,-18],[-13,-1],[-8,12],[11,39],[-2,24],[-17,25],[-28,19],[-29,8],[-44,-9],[-25,23],[-27,33],[-20,23],[-29,-14],[-10,1],[-9,-1],[-7,-11],[-7,-13],[-9,-10],[-19,-9],[-20,-3],[-40,4],[-22,11],[-10,20],[-6,28],[-9,35],[-12,21],[-16,22],[-18,14],[-15,-1],[-6,-9],[-8,-4],[-8,1],[-8,8],[-5,14],[0,14],[1,14],[-1,17],[-13,27],[-14,-3],[-14,-21],[-11,-26],[-4,69],[0,76],[-3,35],[-10,31],[-15,21],[-44,42],[-7,8],[-2,3],[6,40],[11,45],[15,40],[18,21],[42,19],[11,14],[6,9],[5,40]],[[8198,4204],[16,21],[25,-3],[15,-22],[18,25],[-11,33],[-13,53],[-9,56],[5,33],[6,29],[12,20],[-2,8],[-4,12],[-1,15],[4,17],[10,10],[8,17],[-1,15],[9,21],[12,5],[5,21],[8,19],[9,11],[19,14],[8,-3],[2,-1],[3,-1],[7,-6],[4,-5],[2,18],[20,53],[29,90],[13,56],[6,51],[24,27],[29,23],[25,35],[24,55],[34,110],[2,9],[17,50],[10,23],[12,19],[14,9],[13,19],[33,73],[13,14],[13,7],[84,27],[27,21],[13,40],[5,22],[10,15],[24,27],[6,12],[11,27],[6,11],[8,7],[5,-4],[25,25],[26,-10],[13,13],[13,4],[57,34],[37,-14],[21,-18],[16,5],[16,32],[19,13],[25,-32],[0,-50],[21,-52],[27,-8],[17,60],[23,0],[21,-23],[28,0],[35,-45],[30,-5],[28,-18],[7,-46],[-21,-13],[-14,-46],[-23,-4],[-21,-42],[-7,-72],[12,3],[12,-1],[46,-11],[16,7],[17,3],[20,19],[12,5],[12,-5],[30,-35],[20,-9],[23,-10],[44,-5],[41,-16],[36,-52],[11,-18],[23,-21],[31,-6],[28,13],[19,32],[10,26],[30,60],[13,19],[18,6],[18,-5],[17,2],[14,25],[14,-48],[23,-36],[54,-49],[12,-8],[7,-4],[3,-1]],[[8198,4204],[-19,23],[-9,14],[-15,35],[-8,8],[-8,7],[-9,10],[-16,32],[-9,36],[-4,41],[2,42],[0,23],[-11,28],[-1,20],[5,20],[14,36],[11,49],[16,46],[34,261],[1,22],[-3,25],[-6,21],[-17,31],[-5,18],[-1,23],[7,45],[-2,25],[-10,22],[-16,24],[-31,37],[-18,10],[-41,10],[-15,19],[-14,31],[-12,1],[-29,-39],[-16,-26],[-9,-27],[-11,-15],[-19,10],[-13,-7],[-40,-50],[-15,-17],[-127,-34],[-16,-12],[-9,-4],[-8,1],[-17,4],[-8,-4],[-11,-26],[-2,-34],[6,-34],[9,-26]],[[7653,4959],[-16,6],[-30,30],[-16,9],[-9,-2],[-18,-13],[-10,-3],[-8,3],[-15,14],[-7,4],[-56,4],[-13,14],[-8,-3],[-8,-21],[-11,-38],[-13,-34],[-17,-26],[-21,-17],[-18,-3],[-16,10],[-13,9],[-17,6],[-10,-6],[-22,-21],[-12,1],[-6,8],[-3,11],[-3,11],[-3,7],[-14,7],[-12,-2],[-28,-12],[-62,-31],[-13,-1],[0,21],[9,23],[3,19],[-15,8],[-20,-12],[-15,-25],[-17,-17],[-40,19],[-36,-7],[-19,2],[-27,26],[-39,88],[-22,41],[-17,19],[-12,1],[-5,-2],[-8,-5],[-21,-6],[-19,3],[-15,12],[-11,23],[-6,34],[-20,27],[-49,-3],[-22,13],[-5,18],[3,42],[-3,16],[-10,16],[-13,15],[-14,9],[-13,2],[-8,-8],[-16,-25],[-10,-4],[-11,9],[-10,16],[-10,11],[-11,-3],[-6,-15],[-3,-21],[0,-22],[-2,-21],[-5,-18],[-6,-14],[-4,-16],[0,-24],[0,-33],[-4,-26],[-10,-20],[-15,-14],[-26,-24],[-9,-1],[-14,10],[-24,34],[-6,6],[-7,-2],[-5,-5],[-6,-4],[-7,2],[-7,9],[-16,37],[-12,15],[-13,6],[-15,2],[-14,8],[-11,10],[-5,17],[-4,40],[-6,16],[-5,10],[-1,13],[6,24],[4,27],[-1,35],[-7,27],[-14,5],[-61,-111],[1,-14],[8,-21],[2,-10],[-1,-8],[-3,-23],[0,-12],[-1,-9],[1,-8],[7,-8],[6,-13],[0,-11],[-2,-12],[1,-16],[3,-10],[5,-8],[3,-10],[1,-15],[-4,-5],[-22,-39],[-10,-8],[-5,-1],[-2,-1],[-18,3],[-33,-6],[-12,8],[-8,35],[0,28],[4,28],[0,27],[-9,26],[-25,38],[-7,19],[-6,32],[0,17],[1,13],[-2,13],[-12,28],[-3,31],[-3,14],[-10,22],[-16,16],[-31,24],[-18,21],[-16,26],[-13,30],[-11,36],[-1,61],[-4,30],[-10,-3],[-2,-11],[0,-14],[0,-12],[-5,-8],[-15,-9],[-6,-8],[-19,-51],[-9,-1],[-10,17],[-14,17],[-15,7],[-16,4],[-16,-1],[-16,-5],[-20,18],[-11,7],[-11,-1],[-10,-10],[-17,-32],[-10,-9],[-13,3],[-7,10],[-6,12],[-10,7],[-8,-2],[-19,-15],[-10,-4],[-11,1],[-14,5],[-13,9],[-23,36],[-13,-4],[-14,-13],[-18,1],[-15,16],[-5,20],[1,18],[3,42],[0,27],[-6,75],[4,14],[18,19],[5,19],[0,26],[1,8],[4,10],[12,8],[5,7],[4,13],[3,11],[8,70],[-5,16],[-35,19],[-26,32],[-14,9],[-16,-6],[-5,-8],[-5,-12],[-6,-24],[-5,-11],[-6,-5],[-7,-3],[-21,-20],[-4,-8],[-9,-33],[-5,-8],[-7,-4],[-8,2],[-11,6],[-9,3],[-39,-5],[-8,2],[-9,7],[-12,17],[-19,37],[-13,12],[-32,2],[-10,12],[4,64],[-8,11],[-14,5],[-13,9],[-5,10],[-7,24],[-6,7],[-39,11],[-14,9],[-12,12],[-12,9],[-16,-1],[-17,9],[-10,27],[-10,64],[-6,12],[-15,22],[-12,34],[-7,11],[-9,7],[-48,17],[-35,36],[-7,20],[-13,37],[17,118],[-8,18],[-15,8],[-16,17],[-4,44],[-3,13],[-4,10],[-16,26],[-4,27],[7,23],[9,21],[5,23],[-4,20],[-10,2],[-11,-3],[-10,4],[-5,15],[-4,38],[-7,13],[-12,1],[-14,-10],[-12,-3],[-10,16],[-6,15],[-8,3],[-9,-4],[-9,-8],[-2,18],[-4,11],[-7,6],[-8,4],[-9,0],[-13,-3],[-22,-11],[-4,-7],[-6,-18],[-5,-5],[-17,-8],[-32,-27],[-15,-4],[-18,3],[-18,-1],[-17,-10],[-15,-24],[-5,-23],[-3,-24],[-5,-20],[-1,0],[-11,-8],[-10,1],[-29,9],[-8,9],[-8,11],[-18,4],[-8,6],[-5,11],[-2,14],[-1,30],[-7,52],[-7,21],[-12,15],[-19,14],[-8,11],[-7,40],[-7,10],[-9,8],[-8,13],[-4,19],[1,17],[-1,16],[-22,30],[-1,17],[2,21],[-2,25],[-19,33],[-45,-16],[-12,30],[1,16],[4,10],[4,7],[2,12],[-1,20],[-6,19],[-17,28],[-5,6],[-12,7],[-5,6],[-2,6],[-3,18],[-2,7],[-10,13],[-8,6],[-8,0],[-17,-3],[-18,-8],[-5,-3],[-4,-15],[-2,-20],[-4,-15],[-10,-1],[-8,10],[-9,34],[-6,14],[-40,60],[-8,3],[-16,-4],[-7,2],[-6,7],[-10,21],[-7,5],[-14,-10],[-15,-21],[-15,-9],[-10,26],[-5,17],[-7,8],[-9,4],[-8,8],[-8,13],[-13,35],[-43,57],[-6,24],[2,16],[3,14],[0,11],[-8,9],[-8,1],[-14,-8],[-8,0],[-12,15],[-54,115],[-12,13],[-34,18],[-13,12],[-13,16],[-12,19],[-9,21],[-11,12],[-10,0],[-11,-3],[-12,3],[-5,8],[-9,23],[-6,9],[-15,7],[-15,0],[-14,4],[-32,34],[-13,-4],[-13,-9],[-14,4],[-6,16],[-7,28],[-5,29],[0,19],[16,52],[3,27],[-10,17],[-19,12],[-13,15],[-7,24],[-2,37],[7,80],[-3,21],[-11,10],[-16,2],[-30,-3],[-7,-4],[-6,-6],[-7,-4],[-7,2],[-5,8],[-8,20],[-7,8],[-14,5],[-24,-4],[-30,23],[-15,-4],[-15,-10],[-16,-4],[-15,6],[-86,67],[-15,8],[-16,-4],[-4,-8],[-3,-12],[-3,-12],[-10,-7],[-13,-4],[-5,-6],[-4,-11],[-8,-54],[-8,-5],[-18,5],[-15,13],[-25,44],[-14,9],[-14,-8],[-1,-17],[1,-22],[-3,-20],[-8,-19],[-2,-22],[0,-49],[1,-12],[5,-22],[1,-12],[-3,-13],[-9,-26],[-3,-43],[-5,-23],[-8,-19],[-11,-13],[-9,-2],[-12,1],[-11,-2],[-7,-9],[-1,-10],[6,-22],[1,-9],[-3,-22],[-3,-11],[-1,-2],[-6,-9],[-13,-7],[-9,-11],[1,-39],[-8,-20],[-15,-5],[-33,26],[-17,-1],[-19,-8],[-9,13],[0,2],[-7,61],[-6,21],[-16,46],[-9,45],[-8,27],[-9,23],[-7,11]],[[2638,8194],[5,22],[-5,20],[-14,39],[-23,21],[-54,25],[-60,45],[-10,15],[-9,20],[-14,44],[-8,20],[-20,27],[-70,66],[-14,9],[-11,-1],[-11,-6],[-14,-3],[-12,5],[-23,25],[-35,24],[-70,68],[-52,25],[-25,3],[-26,-11],[6,25],[7,20],[4,20],[-3,27],[-6,17],[-10,17],[-7,16],[0,18],[4,6],[7,1],[6,0],[6,1],[5,8],[17,54],[-4,12],[-21,20],[-18,51],[-9,11],[-12,0],[-22,-21],[-12,-5],[-21,15],[-12,30],[-11,33],[-17,23],[-49,35],[-11,12],[-4,4],[-8,9],[-16,31],[-12,40],[-9,18],[-12,9],[-51,22],[-15,3],[-36,-17],[-28,-2],[-13,-4],[-29,-31],[-8,-3],[-8,6],[-16,7],[-10,8],[-12,18],[-10,21],[-7,18],[-1,8],[-2,7],[-2,6],[-3,6],[-11,10],[-10,4],[-11,-1],[-12,-4],[-9,4],[-5,18],[-4,46],[-4,12],[-8,22],[-16,16],[-20,9],[-18,16],[-9,20],[-5,22],[-2,25],[0,26],[-4,30],[-10,10],[-12,5],[-11,14],[-3,14],[1,12],[2,12],[0,12],[-4,10],[-11,14],[-3,12],[1,15],[1,13],[1,13],[-3,14],[-5,6],[-14,2],[-5,5],[-7,20],[-3,22],[-5,19],[-23,24],[-20,29],[-10,9],[-34,-11],[-14,-54],[-5,-60],[-8,-32],[-12,7],[-18,31],[-11,9],[-12,-42],[-8,-20],[-8,-14],[-1,-1],[-11,-10],[-9,-1],[-19,4],[-18,-7],[-8,0],[-23,19],[-5,8],[-3,14],[-2,23],[5,54],[10,53],[2,46],[-21,31],[-26,29],[1,16]],[[1019,9999],[8980,0],[0,-4867]],[[2638,8194],[-6,0],[-47,-28],[-12,6],[-7,24],[-7,17],[-11,-14],[-13,-25],[-10,-17],[10,-37],[-14,-36],[-43,-55],[-9,-18],[-22,-58],[-7,-13],[-25,-29],[-18,-30],[-9,-10],[-13,-7],[-26,-6],[-10,-10],[-6,-24],[-10,-50],[-15,-43],[-36,-78],[-15,-21],[-42,-20],[-19,-26],[-10,-38],[0,-35],[7,-35],[9,-37],[7,-36],[-1,-31],[-9,-28],[-16,-31],[-4,-5],[-8,-8],[-4,-6],[-3,-9],[1,-9],[2,-7],[0,-7],[-5,-13],[-6,-11],[-14,-18],[-1,0],[-6,-15],[-6,-7],[-5,-9],[-2,-18],[-4,-13],[-21,-12],[-7,-9],[-3,-25],[5,-23],[15,-45],[5,-56],[4,-15],[6,-2],[6,1],[6,-8],[2,-26],[-3,-32],[-15,-91],[-6,3],[-9,12],[-12,-3],[-4,-20],[12,-58],[2,-21],[-9,-19],[-14,-6],[-14,0],[-12,3],[-22,-19],[-14,-52],[-6,-62],[2,-45],[0,-1],[-6,-24],[-10,-13],[-11,-11],[-11,-15],[-9,-22],[-5,-24],[-2,-25],[0,-28],[4,-56],[13,-18],[13,-4],[6,-2],[23,-24],[23,-54],[11,-14],[13,-8],[25,-8],[12,-12],[4,-9],[7,-23],[5,-10],[6,-5],[13,-5],[5,-8],[20,-69],[8,-17],[14,-10],[13,3],[14,7],[14,-2],[13,-13],[30,-62],[13,-13],[4,18],[-6,88],[2,24],[7,19],[14,14],[12,-1],[15,-1],[2,-8],[-1,-12],[0,-13],[4,-11],[13,-11],[12,-7],[26,-9],[9,-11],[14,-46],[7,-16],[12,-10],[22,-11],[12,-14],[27,-48],[12,-13],[13,-4],[29,0],[10,-8],[5,-21],[1,-21],[4,-19],[13,-17],[11,-6],[14,-5],[14,-1],[11,7],[8,-8],[2,-15],[2,-17],[5,-15],[33,-11],[70,-24],[16,-15],[15,-32],[14,-82],[10,-39],[40,-82],[10,-33],[-11,-8],[-3,-11],[5,-11],[11,-5],[-2,-19],[8,-7],[12,4],[10,9],[6,16],[3,17],[5,13],[10,2],[16,-10],[15,-19],[13,-23],[9,-26],[4,-20],[0,-14],[3,-13],[11,-15],[62,-56],[15,-18],[9,-25],[14,-19],[35,-15],[17,-10],[15,-22],[28,-52],[35,-36],[20,-25],[19,-21],[19,-2],[17,19],[28,59],[21,16],[36,-6],[16,-10],[1,0],[14,-21],[13,-25],[12,-12],[31,-21],[84,-122],[55,-48],[38,-67],[27,-15],[60,12],[89,40],[15,-11],[4,-2],[13,-35],[8,-53],[7,-104],[8,-52],[15,-33],[88,-10],[17,-10],[33,-32],[44,-19],[86,1],[26,-18],[35,-52],[9,-17],[8,-27],[5,-19],[7,-14],[16,-10],[16,2],[13,13],[12,21],[15,40],[5,17],[1,17],[-11,26],[-1,16],[2,17],[3,13],[18,11],[67,-1],[77,-18],[51,-33],[98,-92],[32,-21],[4,-7],[1,-1],[5,13],[4,5],[7,5],[0,11],[-3,14],[-2,13],[-20,40],[-6,22],[14,10],[33,4],[15,8],[1,0],[9,-5],[28,-9],[22,1],[15,18],[36,78],[14,10],[13,-5],[3,-26],[6,-11],[8,-8],[17,-12],[6,-13],[8,-34],[7,-3],[21,6],[9,-13],[7,-26],[14,-33],[15,-17],[202,-65],[21,-26],[18,-46],[11,-51],[7,-51],[2,-53],[-4,-55],[-7,-30],[-10,-32],[-6,-32],[4,-30],[9,-11],[85,-40],[8,0],[9,13],[12,7],[11,-4],[7,-22],[17,-18],[35,-20],[16,-16],[10,-27],[4,-29],[6,-25],[16,-15],[9,-4],[9,-2],[12,-11],[-1,-21],[1,-19],[18,-2],[40,27],[16,3],[27,-20],[3,-42],[0,-48],[20,-38],[65,-30],[11,0],[25,13],[11,15],[1,3],[10,21],[12,19],[12,-1],[13,-7],[13,7],[25,24],[31,30],[56,38],[7,-4],[56,-55],[9,-21],[6,-47],[-5,-103],[7,-48],[10,-22],[38,-53],[6,-3],[8,5],[6,3],[6,-9],[1,-11],[0,-12],[2,-11],[5,-8],[11,3],[15,16],[48,74],[13,12],[16,3],[25,14],[22,-12],[48,-54],[4,-5],[4,-4],[16,2],[1,0],[5,-1],[11,-6],[4,-4],[4,-7],[4,-6],[7,-2],[5,3],[16,17],[27,17],[15,4],[12,-5],[5,-9],[0,-20],[5,-9],[5,-2],[15,4],[6,0],[22,-14],[43,-41],[21,-15],[14,-6],[11,-11],[10,-15],[9,-20],[14,-15],[48,-38],[49,-53],[13,-5],[7,10],[5,17],[5,14],[10,2],[25,-17],[6,-2],[18,9],[17,20],[14,27],[7,31],[22,23],[20,13],[26,16],[9,12],[21,39],[11,15],[8,1],[2,-27],[0,-23],[8,-69],[7,-40],[12,-47],[16,-37],[21,-15],[37,7],[22,12],[7,-13],[5,-21],[6,-18],[9,-10],[30,-24],[10,-3],[8,13],[13,50],[8,20],[20,21],[23,11],[23,3],[22,-8],[50,-50],[25,-12],[26,20],[17,24],[8,10],[15,10],[12,-11],[9,-15],[12,-3],[10,10],[5,21],[5,29],[9,6],[12,-7],[13,-12],[12,0],[22,32],[12,6],[1,-6],[17,-25],[1,1],[4,-11],[4,-24],[5,-14],[10,-16],[22,-24],[10,-17],[22,4],[27,50],[21,67],[6,56],[-3,18],[1,14],[5,30],[10,59],[32,110],[12,61],[3,27],[1,26],[-1,27],[-6,54],[-3,60],[-3,24],[-6,22],[-16,42],[-6,21],[-10,49],[-14,45],[-15,36],[-9,15],[-11,9],[-13,14],[-12,50],[-12,19],[-3,10],[-1,11],[1,12],[10,40],[3,97],[11,43],[17,68],[4,34],[-1,15],[-9,27],[-3,15],[-1,20],[2,15],[6,32],[3,9],[3,7],[3,8],[2,12],[-1,6],[-7,11],[-2,6],[-3,27],[-1,14],[1,14],[18,70],[44,131],[17,115],[10,36],[7,35],[-3,57],[8,25],[-1,17],[-6,8],[-10,6],[-17,7]],[[9999,3587],[0,-2401]],[[8090,0],[-8090,0],[0,9999],[1019,0]],[[9255,8663],[-7,-17],[-15,-17],[-18,-9],[-8,10],[0,6],[1,4],[4,8],[3,21],[-8,17],[-13,18],[-6,25],[2,12],[10,26],[0,5],[-22,13],[-5,6],[0,26],[15,68],[5,25],[-3,32],[-17,77],[-3,60],[8,47],[22,25],[31,-8],[15,-9],[14,-2],[12,10],[8,3],[7,-7],[29,-68],[12,-13],[17,-8],[43,-2],[9,6],[12,26],[8,6],[41,0],[-16,36],[8,30],[25,34],[4,-4],[5,-1],[10,0],[8,-2],[2,-6],[0,-7],[2,-4],[9,-6],[11,-4],[10,3],[4,12],[4,4],[20,-29],[5,6],[5,4],[20,-34],[9,-3],[1,14],[-6,47],[3,19],[7,5],[8,-12],[8,-17],[8,-9],[3,38],[4,14],[10,5],[10,0],[12,-4],[10,-10],[4,-19],[3,-8],[12,-28],[4,-17],[-1,-16],[-15,-86],[-10,-17],[-12,-5],[-92,0],[12,-97],[-45,-78],[-117,-90],[-30,-15],[-25,-4],[-14,-20],[-9,-9],[-7,13],[-10,-2],[-44,-29],[-17,-1],[-9,-4],[-4,-9]],[[2861,8856],[7,-31],[3,-15],[-8,-31],[-12,-15],[-15,-4],[-18,3],[-4,-2],[-3,-6],[-5,-3],[-5,6],[-2,6],[-3,14],[-2,4],[-8,-1],[-8,-5],[-8,-3],[-9,9],[-19,11],[-8,25],[-5,26],[-12,14],[15,16],[4,2],[7,-3],[3,-6],[1,-6],[6,-3],[8,8],[7,7],[2,8],[-2,15],[-2,7],[-1,1],[1,5],[7,15],[1,0],[10,82],[0,41],[-10,47],[9,10],[8,6],[7,-1],[17,-19],[18,-3],[7,-7],[9,-21],[4,-14],[-1,-17],[-6,-16],[-6,-1],[-7,2],[-10,-5],[-12,-24],[-1,-29],[6,-29],[10,-26],[7,-11],[17,-13],[7,-9],[4,-11]],[[3047,8958],[18,-36],[0,-44],[-20,-48],[-24,-30],[-21,-37],[-8,-9],[-34,-48],[-4,-1],[-15,1],[5,0],[-13,19],[-13,6],[-12,11],[-11,30],[12,38],[-7,114],[5,56],[22,34],[31,-2],[59,-32],[30,-22]],[[4294,9911],[-22,10],[-22,17],[-18,21],[-3,-11],[-2,-6],[-2,1],[-7,6],[-7,-3],[-14,-3],[-15,0],[-7,6],[-25,-20],[-7,17],[-26,40],[-4,13],[153,0],[11,-35],[28,-32],[9,-21],[-20,0]],[[4017,9999],[-4,-3],[-7,3],[11,0]],[[6703,9616],[7,-59],[12,-54],[-16,-26],[-17,-5],[-44,2],[-19,-10],[-17,-20],[-15,-28],[-12,-37],[8,-36],[-1,-34],[-8,-29],[-9,-24],[-11,-24],[-6,-14],[-5,-31],[-16,-27],[-5,-17],[-1,-17],[4,-28],[2,-18],[-3,-17],[-7,-15],[-29,-45],[-16,-16],[-15,2],[-12,19],[-3,22],[-24,88],[1,10],[10,4],[11,2],[8,4],[3,9],[4,11],[4,22],[6,58],[4,51],[5,17],[34,54],[8,21],[4,8],[7,9],[17,13],[8,9],[4,11],[4,32],[20,79],[7,57],[5,76],[6,26],[1,15],[-1,16],[-3,29],[0,16],[15,40],[30,0],[32,-30],[19,-47],[3,-29],[2,-95]],[[9695,6358],[-12,7],[-61,88],[-6,-6],[-5,1],[-2,8],[-2,15],[-4,0],[-2,-20],[-5,-15],[-7,-11],[-10,-11],[-2,11],[0,9],[2,9],[5,10],[-11,1],[-8,-5],[-16,-15],[0,11],[-3,17],[-1,9],[-8,-20],[-13,-18],[-13,-3],[-5,19],[1,5],[4,6],[3,6],[2,10],[-3,10],[-7,6],[-14,9],[-3,-18],[-2,-12],[29,-77],[1,-34],[-25,-21],[4,15],[-2,9],[-3,6],[-4,9],[-3,1],[-12,24],[0,3],[-8,5],[-12,1],[-12,-6],[-6,-19],[25,-5],[-2,-13],[-53,-79],[-4,-13],[-1,-22],[-3,-15],[-8,-7],[-11,2],[0,9],[-9,-4],[-21,1],[-5,-2],[-2,-4],[-5,0],[-5,5],[-2,9],[1,9],[3,10],[2,12],[-2,12],[-8,14],[-25,18],[-5,11],[-3,19],[-5,20],[0,16],[11,6],[4,-3],[9,-12],[6,-3],[7,-1],[2,-4],[0,-6],[3,-9],[-1,-5],[-2,-7],[-2,-8],[5,-8],[5,0],[4,5],[4,8],[1,11],[2,5],[3,-1],[3,-4],[2,-10],[0,-10],[-5,-24],[-1,-18],[1,-14],[6,-7],[14,2],[-4,13],[-1,6],[3,4],[7,11],[5,3],[-9,13],[4,42],[-5,22],[8,-2],[7,2],[5,7],[4,12],[0,3],[31,10],[7,6],[0,9],[-8,7],[-16,5],[-5,7],[-3,15],[4,12],[6,8],[10,3],[17,-2],[10,1],[7,6],[8,12],[5,0],[3,4],[0,22],[-3,33],[-8,27],[-22,48],[13,15],[0,36],[-7,37],[-4,17],[-9,5],[-6,19],[-18,7],[-14,13],[-8,4],[-19,-6],[-30,-34],[-30,-16],[-17,-21],[-30,-46],[5,-15],[-2,-11],[-5,-2],[-3,13],[-3,18],[-9,8],[-5,8],[3,19],[10,-18],[14,18],[16,31],[16,16],[20,8],[33,40],[19,9],[41,-8],[39,-21],[10,-11],[9,-12],[9,-10],[23,-9],[5,-9],[-2,-11],[-11,-5],[6,-21],[4,-7],[-5,-10],[-5,6],[-5,4],[3,-75],[4,-11],[4,-4],[4,-9],[5,-10],[7,-5],[6,2],[13,6],[7,2],[-4,-17],[-8,-9],[-10,-4],[-11,2],[10,-22],[17,-18],[35,-27],[0,10],[-10,9],[4,17],[16,31],[-5,0],[4,13],[1,5],[11,-13],[9,1],[7,8],[10,4],[24,0],[8,-5],[-2,-13],[8,-19],[7,-11],[35,-36],[7,-14],[-3,-15],[-9,-3],[-10,8],[-9,10],[-6,4],[-12,-10],[-1,-12],[5,-14],[8,-12],[38,-47],[13,-24],[-17,-5]],[[6087,9245],[4,-15],[2,-15],[-3,-16],[-9,-12],[-7,4],[-2,13],[4,14],[-5,-6],[-7,-2],[-7,0],[-7,1],[10,-24],[4,-37],[0,-43],[-5,-57],[-7,-52],[-5,-18],[-15,-23],[-11,2],[-12,10],[-16,3],[4,11],[3,6],[5,2],[7,-1],[0,10],[-11,5],[-2,10],[3,8],[2,0],[3,-2],[7,9],[9,14],[4,13],[-16,-3],[-17,18],[-13,30],[-7,30],[-10,-8],[-10,4],[-10,10],[-11,5],[-12,-3],[-34,-26],[-9,14],[-6,-9],[-3,-23],[-2,-25],[-5,-14],[-14,9],[-23,28],[-77,33],[-25,25],[-6,10],[-7,19],[-19,66],[1,26],[6,24],[8,21],[30,39],[7,13],[0,13],[-5,21],[2,8],[8,7],[8,0],[9,-5],[7,-6],[24,-33],[12,-11],[17,-4],[10,-6],[22,-26],[13,-6],[20,-13],[10,-4],[7,8],[-3,14],[-6,8],[2,9],[16,16],[4,-10],[6,-12],[6,-5],[3,13],[5,13],[10,0],[33,-15],[26,-30],[13,-12],[37,-6],[18,-11],[8,-24],[2,-16]],[[4797,8621],[20,-58],[4,-14],[-2,-36],[-3,-26],[-2,-21],[2,-44],[-3,-15],[-2,-10],[0,-8],[-2,-5],[-5,-2],[-4,4],[-3,10],[-1,14],[1,11],[-7,66],[-10,7],[-3,17],[0,43],[-4,19],[-13,35],[-2,17],[5,12],[12,-1],[14,-8],[8,-7]],[[9830,114],[4,11],[16,-46],[-15,-19],[-24,-20],[-8,-40],[-12,0],[0,13],[-4,13],[-6,12],[-4,12],[-3,23],[3,9],[6,5],[8,11],[1,0],[6,6],[3,-6],[2,-2],[3,-1],[2,-2],[2,-4],[20,25]],[[9720,0],[-1,8],[4,13],[13,3],[10,-12],[7,-12],[-33,0]],[[9424,9768],[-11,-45],[-4,-26],[3,-19],[8,-26],[-6,-39],[5,-25],[-12,-57],[-2,-14],[-5,-9],[-10,-9],[-13,-5],[-8,4],[-24,44],[0,8],[-3,10],[13,80],[13,27],[4,15],[-1,20],[-6,34],[2,23],[3,22],[2,10],[7,4],[12,2],[11,1],[10,-2],[7,-9],[5,-19]],[[8098,9999],[-10,-9],[-7,-25],[2,-44],[8,-35],[3,-19],[-4,-18],[-5,-14],[-12,-58],[-5,12],[-3,29],[-7,17],[14,25],[5,15],[-2,12],[-7,8],[-7,6],[-4,8],[1,12],[0,27],[-4,35],[-4,16],[48,0]],[[7968,9401],[8,-22],[2,-23],[-4,-19],[-19,-39],[-5,-5],[-15,-4],[-7,-5],[-25,15],[-4,9],[-1,20],[-6,13],[-8,7],[-33,8],[-15,16],[-10,31],[-3,47],[-9,17],[-64,73],[-8,4],[-21,-2],[-18,-6],[-6,5],[-5,19],[-35,67],[-11,9],[-3,7],[-17,47],[-9,8],[-10,6],[-7,8],[-8,27],[8,7],[47,-12],[13,-13],[22,-29],[212,-198],[53,-55],[15,-22],[6,-16]],[[7070,9408],[9,-19],[3,-68],[-21,-16],[-59,17],[-28,-10],[-24,-22],[-40,-62],[-15,-32],[-11,-16],[-13,-9],[-13,0],[-12,8],[-7,16],[4,23],[8,29],[1,9],[-1,14],[-7,22],[-1,16],[3,34],[7,19],[45,29],[10,13],[26,49],[11,10],[7,8],[5,13],[3,12],[4,11],[9,5],[12,-5],[27,-33],[12,-8],[13,-10],[33,-47]],[[6396,8727],[-5,-12],[-5,-3],[-11,-13],[-7,-2],[-7,5],[-5,13],[-1,19],[-8,38],[-7,5],[-32,9],[-6,5],[-5,14],[-4,26],[-9,32],[-1,25],[2,24],[5,17],[33,-9],[8,-5],[8,-22],[8,-54],[8,-20],[12,1],[14,8],[12,1],[5,-24],[0,-51],[-2,-27]],[[6487,8437],[3,-16],[1,-15],[-4,-24],[-2,-41],[-18,-88],[-1,-7],[2,-47],[-2,-16],[-9,-27],[-9,-2],[-11,12],[-10,17],[-12,14],[-5,8],[-2,11],[0,28],[-2,12],[-3,12],[-3,16],[-13,58],[0,17],[11,43],[10,20],[24,16],[15,14],[15,9],[12,-7],[5,-8],[5,-3],[3,-6]],[[4719,9706],[-4,8],[-1,11],[0,15],[27,-6],[-6,32],[-12,40],[14,20],[23,23],[5,1],[22,-15],[14,-4],[12,4],[4,11],[-11,18],[-14,-8],[-15,10],[-14,20],[-5,20],[-2,8],[-3,4],[-3,3],[-2,4],[1,8],[2,4],[1,3],[11,56],[3,3],[34,0],[8,-12],[15,-57],[7,-57],[-1,-35],[1,-12],[9,-29],[3,-16],[-4,-17],[-14,-12],[-29,10],[-13,-12],[-7,-26],[0,-28],[-5,-23],[-15,-9],[-7,-3],[-7,-5],[-8,-2],[-6,5],[-2,9],[2,21],[-3,12],[-5,5]],[[4976,9570],[9,-10],[0,-15],[-5,-18],[-6,-17],[-8,-28],[-8,-11],[-22,-16],[-39,-47],[-20,-11],[-18,20],[-17,-12],[-19,-6],[-31,-1],[-4,10],[-3,6],[-5,3],[-5,-1],[-8,-6],[-30,-13],[-8,-8],[-1,11],[-4,26],[-19,55],[-5,22],[13,63],[4,12],[45,16],[23,-3],[17,-31],[19,29],[23,8],[58,-13],[21,-12],[11,-3],[27,3],[15,-2]],[[4501,9218],[-1,-10],[2,-70],[-5,4],[-11,-8],[-12,-14],[-8,-11],[-4,-19],[-6,-51],[-4,-11],[-13,3],[-8,8],[-5,15],[-6,22],[-6,45],[4,42],[10,36],[25,64],[8,10],[12,1],[10,-12],[10,-22],[8,-22]],[[4421,9672],[-20,-27],[-2,-12],[2,-13],[0,-9],[-7,-4],[-19,-2],[-8,2],[-7,-1],[-6,4],[-5,8],[-3,25],[-5,2],[-7,2],[-5,8],[0,6],[0,12],[-2,13],[-5,6],[-8,-3],[-12,-12],[-7,-3],[-15,0],[-3,9],[6,14],[18,32],[11,15],[53,45],[13,4],[13,-6],[10,-10],[13,-17],[10,-21],[6,-19],[-1,-29],[-8,-19]],[[5336,8072],[-19,19],[-4,6],[-2,17],[1,15],[1,13],[0,13],[-11,56],[-43,143],[-9,50],[10,27],[7,-13],[15,-40],[7,-15],[39,-118],[2,-14],[26,-31],[4,-65],[-10,-57],[-14,-6]],[[5336,8072],[1,-2],[-5,0],[4,2]],[[5982,7770],[6,-21],[0,-24],[-9,-88],[-13,-29],[-19,-20],[-21,-11],[4,47],[0,-9],[12,99],[3,13],[1,12],[-6,21],[-3,14],[-2,25],[-3,17],[-12,40],[1,15],[14,7],[9,-20],[6,-25],[0,-10],[7,-20],[7,-11],[18,-22]],[[9165,6017],[45,-5],[13,6],[7,1],[6,-4],[4,-6],[5,-4],[5,0],[8,14],[5,3],[23,-3],[14,-9],[30,-37],[10,-20],[4,-3],[3,-2],[3,-4],[2,-5],[1,-6],[1,-46],[-2,-5],[-2,-4],[-3,-3],[-10,2],[-27,-6],[-5,2],[-3,4],[-6,11],[-4,1],[-4,-3],[-10,-17],[-3,-5],[-5,-1],[-6,1],[-6,4],[-5,5],[-1,5],[3,5],[2,6],[0,4],[-3,1],[-4,-1],[-3,0],[-3,3],[-4,10],[-2,3],[-2,-1],[-8,-13],[-2,2],[-1,9],[-2,9],[-5,3],[-4,-3],[-9,-18],[-4,-6],[-3,-2],[-8,9],[-10,4],[-3,2],[-4,8],[-3,5],[0,4],[0,3],[-1,2],[-9,13],[-3,6],[-7,23],[-2,2],[-3,2],[-3,3],[0,4],[6,32],[5,7],[12,-1]],[[2781,9102],[-11,61],[-23,32],[-54,23],[-14,11],[-28,30],[-14,7],[-17,2],[-13,8],[-11,15],[-29,64],[-23,32],[-49,49],[-4,7],[-11,25],[-5,7],[-7,4],[-16,5],[-56,-2],[-17,-7],[-31,-20],[-15,-15],[-7,-18],[-5,-24],[-15,-16],[-16,-9],[-12,-3],[-17,3],[-25,20],[-18,5],[-7,4],[-13,20],[-4,4],[-9,2],[-47,37],[-17,33],[-9,9],[-12,20],[-8,4],[-7,2],[-41,31],[-10,15],[-37,88],[-6,7],[-11,1],[-8,4],[-13,13],[-14,17],[-6,11],[-4,11],[4,40],[-1,11],[-51,82],[-25,82],[-6,13],[-13,6],[-28,24],[-15,7],[-89,-15],[-27,6],[-16,12]],[[315,9999],[-6,-10],[-9,-22],[-10,-19],[-20,-12],[-4,-10],[0,-14],[0,-16],[1,-19],[3,-9],[-1,-6],[-8,-8],[-30,-1],[-16,-7],[-12,-49],[-13,-5],[-30,5],[-25,-10],[-9,0],[-6,4],[-12,13],[-9,3],[-16,-4],[-8,-11],[-25,-87],[-9,-16],[-14,-7],[-15,-2],[-12,-6]],[[2905,8972],[-7,6],[-8,2],[-16,0],[-6,5],[-14,26],[-7,8]],[[767,9189],[-62,-104],[-24,-28],[-61,-36],[-25,-25],[-16,-53],[-6,-66],[-7,-33],[-23,-26],[-8,-28],[-27,-131],[-1,-16],[-8,-14],[-19,11],[-26,27],[-6,-3],[-13,-19],[-5,-6],[-15,-8],[-34,-7],[-16,-12],[-56,-60],[-17,-13],[-14,-5],[-15,-1],[-18,-6],[-16,-12],[-7,-19],[2,-11],[9,-25],[4,-11],[1,-14],[-2,-63],[-11,-65],[-22,-95],[-17,-45],[-21,-34],[-80,-78],[-22,-37],[-11,-7],[-2,-6],[-1,-8],[-1,-19],[-2,-2],[-3,2],[-4,-4],[-3,-1],[-8,2],[-4,-1],[-3,-7],[-1,-8],[0,-7],[-1,-6],[-19,-35]],[[0,6048],[2,-51],[4,-24],[22,-19],[9,-23],[18,-59],[5,-17],[6,-13],[6,-9],[8,-3],[9,-8],[1,-16],[-1,-16],[1,-7],[5,3],[12,13],[4,2],[5,-5],[2,-7],[0,-8],[5,-17],[0,-9],[3,-7],[7,-2],[13,8],[6,-1],[3,-13],[-1,-39],[5,-7],[15,3],[-18,-74],[-4,-35],[16,-22],[1,-17],[-1,-20],[2,-12],[9,-10],[17,-4],[7,-14],[-4,-3],[-3,-5],[-2,-7],[0,-9],[-3,-12],[-7,-5],[-7,-3],[-3,-4],[3,-17],[19,-5],[7,-16],[-22,-15],[-9,-26],[1,-36],[6,-46],[-24,28],[0,-18],[4,-39],[-5,-34],[8,-15],[11,-11],[6,-11],[6,-29],[10,-35],[2,-30],[-18,-15],[4,-31],[7,-29],[9,-26],[13,-18],[10,-5],[7,0],[7,-4],[6,-20],[0,-17],[-2,-18],[-8,-32],[18,2],[32,18],[13,-1],[7,-4],[5,-5],[3,-10],[-1,-19],[-3,1],[-9,-17],[-5,-20],[5,-10],[3,-8],[8,-40],[1,-15],[-1,-19],[-7,-25],[-2,-13],[3,-12],[5,-8],[5,-10],[2,-17],[-4,-12],[-18,-9],[-7,-13],[7,-4],[16,0],[6,-4],[7,-16],[-1,-13],[-4,-15],[-4,-30],[-6,-18],[-1,-8],[1,-17],[4,-9],[4,-7],[5,-10],[12,-83],[5,-13],[4,-4],[4,-11],[3,-13],[3,-33],[5,-2],[12,6],[9,9],[6,-1],[4,-16],[-1,-12],[-11,-25],[-2,-16],[3,-12],[7,-14],[7,-11],[4,-5],[10,-3],[4,-8],[3,-13],[5,-14],[15,-24],[4,12],[1,26],[12,14],[10,-16],[3,-32],[4,-25],[14,7],[3,14],[0,20],[3,16],[11,7],[5,-9],[-1,-21],[2,-23],[11,-14],[2,29],[9,4],[11,-10],[7,-13],[7,-26],[2,-25],[-1,-26],[-4,-28],[15,9],[7,7],[5,8],[9,6],[8,-10],[9,-13],[8,-7],[34,-10],[7,8],[7,13],[7,10],[8,-7],[8,-30],[-3,-25],[-6,-25],[-1,-29],[12,-35],[15,-4],[9,13],[-8,18],[0,8],[10,0],[7,-7],[5,-13],[3,-18],[8,13],[8,31],[8,12],[2,-1],[15,0],[2,1],[6,1],[5,2],[4,-4],[4,-17],[-14,-3],[-13,-17],[-10,-23],[-6,-24],[8,0],[14,16],[9,4],[10,-3],[16,-14],[8,-3],[14,-11],[13,-25],[7,-31],[-3,-26],[15,-4],[15,-17],[13,-22],[5,-19],[2,-16],[5,-15],[6,-5],[6,12],[-2,8],[-12,58],[14,-7],[18,-2],[2,-7],[2,-33],[15,-24],[5,-3],[2,15],[-1,2],[-4,7],[-2,8],[2,7],[4,2],[5,-1],[4,-2],[2,-4],[2,-28],[5,-29],[7,-24],[10,-10],[24,39],[14,10],[6,-30],[13,23],[4,4],[2,-8],[15,-13],[4,-6],[3,-8],[5,-24],[2,-6],[15,-6],[4,-3],[6,-21],[5,-12],[17,-14],[13,-39],[10,-9],[24,-5],[26,-14],[-3,-8],[-4,-14],[-3,-7],[14,-1],[26,-6],[14,7],[-2,-12],[-3,-10],[-4,-8],[-6,-7],[7,-3],[6,-7],[5,-10],[1,-14],[3,-15],[14,-11],[3,-12],[-1,-17],[0,-24],[6,-18],[14,-3],[0,-8],[-3,-3],[-4,-5],[-3,-3],[7,-7],[13,-25],[2,-5],[8,1],[15,8],[8,0],[8,-4],[15,-12],[9,-3],[5,-5],[11,-25],[5,-8],[1,-26],[19,-13],[43,-17],[-7,-11],[-26,-19]],[[1405,3077],[12,-30],[-10,-18],[-17,-14],[-9,-18],[6,-18],[14,3],[18,9],[15,2],[7,-10],[4,-14],[3,-14],[5,-10],[8,-3],[8,4],[8,6],[19,8],[29,27],[15,6],[18,-4],[8,-13],[2,-20],[0,-25],[2,-17],[11,-27],[2,-13],[4,-8],[9,6],[9,10],[2,5],[16,-6],[1,-15],[-9,-20],[-11,-20],[-3,-22],[6,-23],[12,-21],[12,-14],[14,-6],[16,-3],[13,-7],[5,-18],[3,-27],[7,-13],[47,-25],[6,-6],[12,-19],[5,-13],[-5,-5],[-2,-6],[-1,-14],[2,-13],[10,-10],[9,-18],[4,-6],[16,-4],[37,8],[12,-9],[15,-23],[10,5],[6,22],[10,58],[3,13],[7,5],[9,-5],[4,-12],[2,-17],[0,-18],[-5,-56],[5,-22],[19,-11],[17,2],[35,15],[15,-8],[9,-22],[0,-25],[-6,-23],[-8,-15],[5,-15],[6,-5],[6,-2],[7,-6],[15,-24],[8,-11],[21,-12],[17,-38],[12,-10],[32,12],[14,-4],[7,-32],[7,-16],[18,7],[28,23],[32,2],[28,-12],[51,-38],[13,-13],[6,-19],[-4,-17],[-17,-7],[-33,6],[-7,-10],[8,-34],[15,-27],[13,-8],[33,6],[7,-5],[0,-11],[-3,-14],[-2,-12],[0,-21],[1,-9],[4,-5],[9,-9],[14,-8],[34,-12],[24,-27],[16,-8],[18,-2],[29,3],[5,2],[5,4],[8,26],[6,16],[8,6],[8,-3],[7,-10],[5,-14],[4,-34],[5,-3],[17,8],[17,1],[12,-4],[7,-15],[5,-68],[7,-15],[13,-2],[31,16],[7,2],[2,-13],[1,-31],[-5,-10],[-9,-11],[-6,-12],[2,-14],[6,-11],[2,-7],[3,-6],[7,-9],[26,-25],[16,-10],[59,-15],[9,-8],[6,-28],[-6,-23],[-22,-39],[-3,-25],[7,-26],[10,-20],[8,-10],[29,-13],[13,-10],[13,-35],[14,4],[27,17],[17,-3],[16,-12],[13,-18],[8,-23],[-10,-19],[6,-14],[13,-9],[30,-10],[14,-1],[14,4],[15,10],[75,100],[29,14],[30,2],[16,-4],[11,-12],[13,-20],[13,-8],[12,3],[11,16],[0,10],[-10,24],[-3,12],[1,12],[3,10],[9,16],[12,20],[16,12],[17,3],[19,-18]],[[3627,8491],[12,13],[15,5],[14,0],[9,-2],[32,-19],[15,-15],[13,-19],[8,-22],[5,-8],[10,-3],[36,25],[4,4],[3,1],[9,-2],[4,-4],[4,-6],[6,-6],[28,-6],[21,-8],[11,-1],[13,3],[34,15],[17,2],[7,-12],[17,-44],[9,-6],[4,-16],[4,-35],[5,-32],[6,-23],[9,-20],[13,-18],[21,-16],[30,-39],[5,-4],[15,-1],[7,-3],[5,-5],[3,-9],[3,-13],[3,-11],[26,-13],[12,-15],[13,-8],[17,13],[5,-31],[13,-21],[14,-15],[7,-14],[4,-4],[8,-2],[9,2],[5,4],[6,1],[9,-9],[12,-16],[28,-13],[14,-11],[6,-18],[4,-33],[9,-18],[30,-21],[34,-41],[26,-12],[13,-15],[24,-46],[8,-20],[3,-3],[15,-8],[56,-13],[15,-9],[19,-18],[5,-13],[40,-25],[114,-109],[-8,-8],[-6,-9],[-4,-13],[-2,-18],[17,-61],[4,-10],[6,-24],[5,-13],[7,-11],[19,-14],[37,-50],[14,-6],[42,18],[14,1],[9,-3],[4,-3],[11,-13],[7,-24],[5,-9],[9,9],[8,0],[34,-12],[75,-6],[32,-13],[22,-21],[13,-48],[-5,-60],[-11,-62],[-6,-53],[3,-9],[13,-16],[3,-13],[-1,-11],[-4,-12],[-1,-12],[4,-13],[14,-16],[30,-11],[11,-15],[6,9],[4,12],[2,11],[3,6],[10,5],[7,-4],[6,-7],[21,-7],[38,-25],[40,-45],[11,2],[15,11],[17,-7],[60,-54],[29,-6],[26,18],[24,42],[1,7],[-2,16],[1,7],[4,5],[3,1],[4,0],[3,3],[12,16],[8,9],[20,13],[23,44],[14,13],[50,-9],[11,-6],[10,-14],[30,-30],[10,-8],[49,4],[12,-8],[10,-13],[16,-10],[16,-8],[13,-2],[32,8],[16,0],[13,-13],[16,-55],[9,-22],[15,-13],[16,-2],[55,16],[23,25],[13,8],[15,-2],[29,-21],[72,-24],[141,-6],[8,2],[8,6],[16,19],[22,12],[9,3],[7,-15],[9,6],[9,11],[2,5],[53,-4],[26,19],[17,-7],[16,-12],[14,-4],[10,9],[7,12],[7,6],[9,-9],[6,26],[9,-6],[10,-19],[7,-11],[15,-3],[28,-13],[13,-3],[8,3],[13,13],[8,3],[207,-47],[32,8],[15,-5],[6,-26],[3,-6],[6,-4],[7,-4],[6,-1],[8,3],[5,8],[3,9],[6,9],[9,6],[7,-1],[24,-27],[8,-7],[19,-9],[18,16],[18,-7],[36,-29],[80,-18],[77,9],[19,9],[41,27],[15,-7],[12,8],[12,1]],[[0,2760],[3,3],[9,13],[10,14],[5,8],[4,11],[5,22],[3,10],[13,29],[8,12],[10,5],[22,-1],[10,3],[9,9],[5,-11],[12,13],[0,17],[0,19],[7,18],[13,5],[28,-7],[10,7],[8,13],[28,30],[36,49],[10,7],[11,3],[24,13],[13,3],[11,6],[9,13],[12,29],[20,17],[26,15],[15,22],[-8,41],[35,20],[8,8],[4,12],[2,25],[4,11],[6,6],[7,2],[13,1],[13,5],[20,20],[18,13],[6,2],[6,-6],[6,-8],[6,-5],[8,-2],[7,0],[14,4],[4,9],[0,17],[2,27],[2,9],[6,18],[1,3],[-1,15],[-4,23],[-1,13],[6,21],[14,0],[22,-16],[9,12],[3,42],[9,-7],[16,10],[11,-1],[10,-6],[15,-3],[2,6],[10,32],[5,9],[5,5],[28,7],[17,-2],[15,-10],[9,-34],[8,-3],[16,0],[6,-3],[4,-8],[4,-11],[5,-12],[11,-11],[26,-5],[14,-7],[32,-34],[14,-4],[8,3],[5,9],[3,9],[6,7],[6,2],[14,-3],[8,1],[27,30],[12,1],[10,-31],[7,13],[8,5],[6,-5],[3,-17],[3,-11],[6,-2],[8,0],[7,-2],[14,-20],[21,-50],[14,-15],[8,-1],[22,11],[10,-1],[5,-2],[7,-16],[1,-10],[0,-13],[3,-11],[8,-5],[23,10],[8,0],[-2,-55],[23,-59],[33,-49],[29,-27],[34,-7],[16,-9],[8,-22],[-3,-16],[-6,-14],[-1,-11],[10,-6],[7,3],[27,34]],[[7330,6747],[12,3],[8,17],[-14,47],[0,24],[11,28],[7,9],[12,11],[5,8],[6,16],[11,45],[24,44],[29,19],[63,23],[41,43],[14,5],[40,-16],[34,-5],[11,-7],[17,-34],[14,-19],[14,-4],[12,6],[11,12],[2,9],[2,12],[3,10],[6,7],[10,0],[5,-7],[5,-8],[8,-4],[7,2],[14,6],[7,2],[5,-5],[8,-22],[4,-10],[13,-13],[14,-5],[29,-2],[15,8],[32,33],[18,6],[43,-16],[52,-3],[142,-8],[8,-7],[5,-7],[7,-1],[8,15],[28,-22],[24,32],[23,41],[26,6],[5,-8],[17,-36],[6,-6],[8,-4],[39,-5],[8,2],[6,7],[11,20],[7,10],[14,-14],[12,-6],[29,1],[7,4],[13,20],[4,4],[59,-19],[23,-13],[24,-9],[32,3],[48,25],[17,4],[65,0],[24,-10],[49,-53],[33,-4],[82,24],[44,33],[17,5],[43,-14],[44,3],[104,-33],[28,-18],[39,-40],[12,-7],[3,-5],[11,-26],[3,-12],[4,-7],[9,3],[16,9],[58,17],[26,15],[83,89],[28,8],[12,-49],[5,-33],[12,2],[19,27],[8,6],[14,27],[7,6],[29,0],[11,-6],[22,-27],[16,-6],[7,5],[7,9],[7,6],[7,-6],[6,-8],[6,-3],[15,-3],[34,20],[20,6],[9,-14],[8,-9],[105,-38],[10,-9],[14,1],[25,12],[14,3],[41,-8],[10,2]],[[2587,8686],[13,-11],[13,-2],[29,5],[16,-6],[9,-15],[6,-21],[11,-25],[20,-29],[6,-18],[4,-88],[1,-14],[2,-10],[6,-20],[4,-11],[10,-19],[12,-19],[11,-20],[5,-23],[1,-58],[4,-28],[10,-22],[6,-8],[15,-13],[14,-16],[15,-26],[11,-15],[14,-10],[15,-7],[16,-1],[16,5],[32,19],[17,4],[14,-8],[13,-21],[11,-25],[22,-71],[11,-18],[16,-8],[13,-3],[38,-26],[14,-4],[51,4],[12,-11],[9,-27],[7,-31],[8,-26],[13,-18],[25,-17],[13,-17],[5,-17],[0,-12],[-2,-12],[-1,-16],[1,-12],[11,-51],[2,-4],[1,-4],[-1,-10],[-1,-7],[-2,-4],[-1,-7],[-3,-11],[-3,-9],[1,-6],[12,-3],[7,-4],[7,-9],[5,-11],[2,-9],[4,-4],[25,0],[30,-20],[9,-9],[5,-6],[0,-9],[0,-19],[-6,-20],[-13,-20],[-29,-31],[-47,-36],[-6,-16],[-8,-25],[-17,-6],[-19,1],[-14,-3],[-7,-10],[0,-8],[4,-8],[3,-13],[1,-29],[-1,-22],[-5,-29],[-11,-19],[-28,-32],[-7,-19],[-5,-22],[-2,-27],[0,-33],[3,-32],[7,-26],[14,-42],[3,-56],[-14,-44],[-23,-33],[-23,-27],[-25,-14],[-5,-5],[-2,-12],[-3,-37],[-2,-8],[-9,-11],[-37,-76],[-41,-50],[-10,-6],[-8,-11],[-33,-65],[-1,-29],[5,-31],[8,-25],[10,-10],[36,-95],[25,-47],[10,-28],[4,-34],[6,-21],[9,-17],[2,-15],[-17,-19],[-11,-8],[-6,-2],[-7,1],[0,9],[9,13],[-1,8],[-8,8],[2,43],[-30,61],[-11,39],[-11,25],[-12,7],[-62,-13],[-6,4],[-17,19],[-8,6],[-15,1],[-45,-11],[-15,7],[-36,50],[-28,25],[-15,9],[-14,4],[-14,-7],[-15,-15],[-12,-19],[-3,-16],[35,-63],[26,-37],[11,-13],[10,5],[10,10],[9,3],[8,-14],[10,-37],[7,3],[28,-28],[-3,18],[-9,30],[-3,18],[11,-10],[9,-15],[7,-21],[4,-46],[8,-43],[23,-90],[2,-25],[-2,-28],[-7,-49],[-2,-52],[-17,-131],[-8,-37],[-8,-79],[-13,-36],[-4,-20],[3,-20],[-6,-10],[6,-8],[-6,-12],[-12,-19],[-7,-8],[-10,15],[-17,18],[-18,6],[-7,-24],[-2,-16],[-10,-36],[-3,-20],[-1,-23],[1,-12],[33,-73],[9,-29],[6,-33],[-3,-34],[2,-17],[8,-6],[10,-5],[8,-11],[5,-16],[4,-17],[-9,-8],[-6,-12],[-3,-18],[-2,-23],[6,-9],[36,-29],[5,-16],[6,-38],[6,-17],[10,-9],[13,-5],[12,-7],[8,-17],[0,-23],[-7,-11],[-8,-10],[-4,-17],[1,-12],[7,-21],[1,-10],[-1,-12],[-4,-10],[-3,-7],[-1,-5],[1,-20],[5,-33],[-1,-18],[-8,-41],[-6,-21],[-6,-14],[15,-15],[14,-24],[11,-29],[4,-31],[-2,-28],[-9,-58],[1,-32],[4,-27],[18,-61],[9,-22],[3,-11],[4,-34],[3,-7],[21,-27],[6,-11],[4,-28],[2,-31],[-1,-60],[7,-24],[15,-17],[14,-21],[2,-37],[-4,-14],[-13,-22],[-2,-11],[3,-15],[13,-20],[3,-18],[-2,-27],[-3,-16],[-1,-15],[6,-24],[12,-27],[3,-10],[0,-16],[-2,-7],[-1,-7],[5,-13],[13,-12],[16,1],[17,6],[15,0],[27,-23],[64,-119],[15,-18],[4,-10],[4,-16],[2,-15],[3,-12],[35,-18],[1,-21],[3,-11],[4,-8],[6,-13],[16,-52],[10,-18],[15,-7],[34,0],[3,-2],[12,-11],[7,-5],[17,-1],[12,6],[19,24],[24,19],[21,29],[4,4],[8,6],[20,-8],[45,-38],[16,0],[14,-4],[12,-27],[-4,-9],[-6,-21],[-5,-8],[12,-19],[27,-17],[18,-24],[13,-13],[3,-8],[3,-11],[16,-41],[27,-25],[17,-10],[12,2],[14,15],[15,-3],[53,-53],[14,-9],[15,-3],[29,5],[11,-2],[10,-12],[11,-24],[7,-21],[10,-16],[18,-6],[14,7],[14,13],[15,11],[17,-2],[46,-57],[30,-18],[58,-66],[6,-8],[13,-26],[21,-57],[11,-15],[24,-14],[26,-9],[17,5],[9,-9],[32,-5],[7,-10],[8,-9],[50,-15],[26,-32],[49,-80],[26,-11],[8,3],[13,12],[8,3],[9,0],[14,-8],[8,-2],[110,-1],[24,-7],[23,-19],[37,-67],[14,-9],[11,-13],[14,-61],[11,-21],[12,-6],[52,-4],[6,-3],[3,-1],[26,-27],[12,-7],[6,0],[14,2],[9,-2],[8,-6],[15,-18],[8,-4],[7,-7],[7,-15],[6,-17],[5,-27],[6,-4],[8,-1],[7,-6],[3,-11],[7,-45],[4,-15],[3,-10],[10,-18],[12,-17],[13,-6],[13,2],[24,14],[9,3],[21,-1],[6,-6],[9,-17],[8,-20],[3,-18],[5,-9],[27,-27],[9,-6],[23,3],[12,-1],[8,-7],[52,-86],[4,-12],[9,-44],[5,-20],[8,-16],[11,-8],[10,4],[21,16],[8,-1]],[[5989,5916],[-3,32],[-17,81],[10,26],[16,31],[18,18],[17,-12],[13,-13],[17,1],[18,6],[17,1],[29,-14],[45,-18],[23,-3],[24,6],[18,11],[13,18],[9,26],[4,54],[5,16],[6,12],[20,10],[8,13],[6,15],[7,14],[18,18],[16,5],[47,-6],[18,-8],[17,-12],[14,-16],[10,-26],[5,-30],[0,-62],[5,-31],[14,-37],[17,-32],[17,-19],[17,-1],[28,23],[15,7],[44,0],[5,-3],[2,-6],[1,-6],[4,-4],[65,-10],[6,4],[14,13],[8,3],[9,-2],[15,-13],[8,-5],[15,1],[17,6],[15,1],[13,-13],[6,-4],[34,-2],[12,-6],[8,-1],[20,2],[21,7],[20,12],[17,17],[44,-30],[29,22],[36,-3],[36,-18],[28,-20],[20,-20],[18,-26],[33,-62],[7,-7],[26,-3],[7,-11],[25,-23],[15,-19],[19,-28],[6,-26],[-36,-21],[-67,-96],[-2,-9],[-3,-18],[-4,-50],[-3,-12],[-13,-8],[-37,6],[-15,-12],[-7,-22],[-11,-68],[-2,-20],[3,-16],[4,-14],[3,-13],[-5,-29],[5,-16],[14,-30],[4,-12],[5,-31],[1,-14],[-1,-5],[-3,-14],[-1,-9],[2,-9],[7,-17],[1,-8],[-1,-18],[-7,-30],[-2,-19],[2,-8],[7,-14],[1,-10],[-2,-9],[-7,-22],[-1,-7],[5,-14],[18,-28],[6,-15],[3,-18],[2,-40],[2,-14],[15,-40],[-1,-25],[-13,-14],[-22,-10],[-17,-3],[-4,-6],[-3,-20],[8,-38],[2,-26],[-8,-11],[-22,-114],[-13,-25],[-22,-5],[-23,-33],[-23,-23],[-5,-14],[-3,-19],[-8,-13],[-18,-20],[-13,-24],[-6,-22],[1,-26],[6,-33],[12,-30],[15,-27],[10,-30],[-6,-37],[13,-23],[1,-82],[18,-18],[5,-16],[18,-73],[3,-25],[-5,-14],[-37,-62],[-8,-10],[-6,-12],[-2,-21],[1,-15],[3,-26],[1,-15],[-3,-21],[-6,-13],[-8,-12],[-7,-16],[-3,-35],[9,-74],[-4,-28],[-3,-10],[-3,-29],[-1,-9],[-4,-16],[-10,-15],[-20,-21],[-49,-92],[-16,-12],[-11,-18],[-16,-116],[-10,-30],[-4,-17],[2,-14],[3,-10],[1,-15],[0,-16],[-1,-12],[-6,-14],[-15,-26],[-3,-16],[-2,-16],[-4,-11],[-43,-50],[-77,-133],[-12,3],[-17,-13],[-16,-18],[-10,-14],[-8,-7],[-11,-6],[-9,-9],[-4,-16],[-4,-16],[-25,-45],[-29,-79],[-4,-21],[-3,-30],[-8,-20],[-47,-88],[-10,-31],[-8,-60],[-12,-49],[1,-32],[2,-7],[9,-18],[3,-12],[0,-14],[-2,-14],[-1,-16],[6,-17],[6,-30],[-6,-29],[-11,-28],[-6,-31],[2,-21],[6,-13],[9,-11],[7,-13],[3,-16],[3,-34],[3,-17],[20,-27],[20,-38],[31,-43],[17,-18],[32,6],[16,-11],[3,-9],[11,-40],[17,-35],[10,-18],[11,-13],[-3,-21],[9,-7],[12,-6],[7,-18],[3,-17],[7,-15],[9,-12],[10,-9],[8,-4],[11,-4],[11,1],[6,8],[4,10],[5,-1],[5,-6],[5,-4],[5,3],[8,13],[6,3],[9,-2],[32,-17],[12,-12],[23,-37],[9,-7],[13,3],[31,25],[62,20],[26,-26],[25,-12],[26,8],[17,19],[8,3],[100,-42],[10,-8],[20,-11],[17,-22],[3,-2],[6,-14],[3,2],[8,-14],[9,-5],[19,-1],[4,-10],[12,-45],[8,-10],[22,-10],[23,-24],[20,-33],[16,-44]],[[9999,4163],[-14,-13],[-27,-46],[-5,-24],[-2,-71],[-3,-30],[-6,-34],[-8,-31],[-9,-26],[-14,-19],[-47,-38],[-15,-21],[-12,-26],[-19,-60],[-14,-88],[-8,-21],[-12,-9],[-84,-6],[-36,-18],[-20,-39],[8,-70],[-1,-3],[-2,-2],[-5,-3],[-6,-5],[-5,-9],[-7,-24],[-9,-37],[0,-32],[5,-70],[-3,-20],[-15,-42],[-5,-21],[-16,-114],[-4,-15],[-5,-12],[-4,-13],[-1,-19],[1,-15],[9,-27],[2,-13],[0,-14],[-1,-2],[-4,-2],[-7,-11],[-12,-32],[-9,-35],[-4,-28],[-3,-12],[-7,-10],[-9,-5],[-19,-3],[-7,-9],[-4,-17],[-3,-34],[-5,-15],[-7,-8],[-25,-10],[-7,-5],[-5,-6],[-3,-10],[-2,-13],[2,-26],[-1,-12],[-4,-9]],[[9999,2595],[-42,23],[-10,2],[-11,0],[-22,-11],[-9,-2],[-10,0],[-10,4],[-9,7],[-18,18],[-36,27],[-44,15],[-12,-3],[-40,-34],[-23,-10],[-46,-8],[-22,-16],[-21,-27],[-11,-11],[-13,-6],[-14,0],[-7,1],[-6,5],[-4,6],[-8,14],[-4,6],[-10,6],[-29,3],[-9,3],[-8,7],[-16,17],[-17,14],[-69,21],[-54,33],[-12,0],[-11,-6],[-10,-13],[-18,-51],[-9,-14],[-13,-9],[-27,-10],[-13,-9],[-27,-32],[-10,-7],[-36,-10],[-12,-9],[-21,-30],[-14,-10],[-28,-13],[-64,-47],[-49,-21],[-15,-11],[-13,-23],[-23,-72],[-10,-22],[-21,-33],[-9,-19],[-7,-24],[-17,-77],[-48,-147],[-5,-25],[-10,-84],[-13,-53],[-5,-27],[0,-31],[7,-62],[0,-31],[-6,-62],[0,-30],[-1,-25],[-4,-24],[-12,-46],[-3,-34],[5,-26],[9,-25],[7,-30],[2,-33],[-5,-30],[-8,-28],[-16,-37],[-3,-13],[-5,-46],[-17,-77],[-10,-160],[0,-15],[1,-16],[3,-15],[4,-14],[17,-36],[7,-28],[5,-30],[4,-63],[2,-16],[4,-15],[18,-41],[8,-34],[11,-103],[20,-90],[6,-52],[0,-26],[-1,-27],[-6,-43],[0,-52],[-7,-100],[0,-13],[5,-53],[-1,-54],[0,-5]],[[7986,4730],[6,-15],[5,-29],[4,-14],[4,-7],[11,-15],[4,-7],[14,-37],[5,-23],[0,-25],[-5,-21],[-9,-8],[-24,-8],[-14,-15],[-6,-4],[-23,-6],[-5,-4],[-8,-21],[-4,-29],[-3,-54],[0,-9],[0,-15],[-1,-33],[-1,-8],[-12,-33],[-4,-6],[-3,-7],[-3,-13],[-2,-14],[-1,-23],[-2,-11],[-3,-1],[-9,2],[-3,-1],[-1,-6],[-2,-16],[-4,-17],[-1,-10],[-1,-9],[-5,-8],[0,-9],[6,-9],[9,-24],[7,-5],[10,-3],[6,-10],[4,-17],[1,-23],[6,-29],[11,-20],[5,-20],[-12,-30],[-27,-29],[-3,-7],[-5,-16],[-6,-17],[-9,-7],[-7,-16],[10,-74],[-6,-23],[0,-10],[5,0],[0,-10],[-4,-26],[12,-50],[35,-95],[73,-152],[24,-78],[12,-40],[8,-18],[45,-77],[12,-37],[5,-44],[-1,-15],[-3,-25],[-1,-8],[2,-13],[7,-21],[1,-8],[3,-16],[82,-163],[33,-91],[82,-155],[19,-15],[9,-21],[28,-94],[8,-50],[9,-35],[2,-55],[5,-22],[37,-38],[6,-4],[7,-15],[36,-65],[5,-13],[3,-14],[4,-12],[8,-10],[7,-1],[18,2],[12,-10],[17,-5],[3,-9],[4,-6],[44,-50],[11,-19],[4,-29],[3,-15],[7,-11],[10,-13],[1,-6],[9,-28],[5,-16],[0,-8],[0,-6],[-2,-18],[-1,-12],[0,-12],[2,-11],[5,-23],[5,-50],[6,-19],[3,-10],[4,-9],[5,-5],[5,-3],[37,-8],[12,-6],[5,-6],[4,-9],[1,-10],[-2,-21],[0,-13],[1,-14],[2,-13],[3,-12],[3,-10],[13,-23],[0,-1],[0,-1],[0,-1],[1,-1]],[[2599,9849],[-14,-13],[-15,0],[-26,8],[-8,-3],[-14,-12],[-8,-3],[-8,0],[-15,7],[-36,3],[-9,8],[-34,81],[-14,22],[-17,13],[-8,3],[-10,1],[-53,-11],[-29,5],[-26,22],[-9,19]],[[1824,9152],[-14,-44],[-5,-23],[0,-28],[4,-23],[11,-47],[4,-26],[0,-8],[-2,-6],[0,-9],[2,-14],[6,-13],[14,-19],[4,-16],[-13,-6],[-6,-13],[-10,-38],[-6,-15],[-12,-14],[-8,-13],[-12,-31],[-18,-67],[-11,-32],[-16,-22],[-21,-11],[-22,2],[-16,18],[-27,50],[-17,23],[-16,8],[-17,-12],[-61,-113],[-18,-60],[-15,-23],[-34,-18],[-13,-16],[-6,-36],[0,-1],[-5,-35],[-11,-32],[-15,-26],[-36,-33],[-9,-5],[-11,1],[-8,6],[-6,10],[-3,9],[-2,5],[-18,7],[-82,5],[-14,-3],[-68,-52],[-18,-5],[-14,-8],[-39,-32],[-10,-3],[-7,6],[-6,-2],[-6,-6],[-5,-3],[-9,4],[-23,14],[-10,2],[-6,-6],[-31,-49],[-34,-82],[-9,-32],[-2,-34],[5,-34],[-35,6],[-6,-2],[-8,-4],[-38,0],[-7,4],[-8,8],[-6,12],[-8,44],[-12,14],[-14,2],[-12,-10],[-7,10],[-9,7],[-9,4],[-8,-2],[-25,-61],[-4,-34],[-10,-24],[-24,-41],[-47,-104],[-7,-34],[1,-35],[3,-31],[21,-117],[5,-62],[-6,-57],[-24,-44],[-33,-29],[-9,-11],[-3,-6],[-4,-1],[-11,-1],[-19,-8],[-17,-22],[-12,-30],[-8,-35],[1,-57],[14,-46],[17,-42],[12,-45],[1,-21],[-2,-42],[1,-21],[7,-14],[9,-12],[5,-15],[-7,-26],[22,-66],[10,-37],[0,-25],[-3,-15],[1,-15],[3,-14],[1,-13],[-4,-17],[-19,-37],[-6,-17],[-2,-115],[2,-15],[-5,-77],[0,-31],[16,-46],[8,-31],[-2,-22],[-5,-15],[0,-13],[2,-13],[1,-16],[-1,-7],[-4,-13],[-1,-9],[3,-10],[5,-6],[5,-4],[3,-4],[3,-5],[3,-2],[2,-2],[1,-10],[0,-6],[-4,-17],[-1,-5],[2,-9],[6,-11],[2,-8],[4,-22],[4,-14],[14,-26],[12,-37],[0,-29],[-4,-30],[-1,-41],[14,-69],[48,-113],[11,-65],[-5,-10],[-4,-9],[-1,-10],[1,-2],[4,-6],[3,-10],[2,-10],[-3,-14],[-5,-13],[-3,-13],[3,-13],[5,-11],[4,-14],[3,-15],[0,-16],[3,-21],[8,-15],[18,-26],[13,-35],[6,-12],[14,-19],[7,-11],[16,-49],[25,-50],[10,-33],[5,-28],[10,-19],[47,-66],[9,-7],[9,-3],[11,-7],[7,-16],[6,-19],[8,-16],[8,-8],[31,-20],[29,-9],[7,-6],[12,-18],[15,-9],[33,-5],[50,-27],[12,-12],[32,-42],[4,-15],[4,-32],[4,-15],[17,-16],[36,7],[17,-15],[14,-8],[38,17],[18,-13],[4,-11],[2,-10],[1,-12],[2,-15],[17,-66],[2,-16],[0,-18],[1,-17],[5,-11],[43,-33],[23,-24],[24,-18],[26,-4],[29,17],[23,-54],[15,-29],[12,-12],[9,-6],[15,-26],[9,-6],[13,-3],[6,-9],[2,-15],[3,-61],[3,-16],[7,-17],[16,-20],[9,-15],[8,-28],[2,-31],[2,-60],[2,-15],[3,-14],[9,-27],[25,-48],[4,-14],[6,-35],[13,-22],[34,-33],[38,-62],[13,-16],[9,-6],[5,-1],[5,-1],[33,12],[13,-6],[15,-34],[28,-96],[12,-32],[3,-13],[-1,-15],[-2,-15],[-2,-14],[3,-21],[7,-18],[50,-84],[12,-32],[5,-35],[2,-62],[3,-31],[5,-26],[9,-28],[15,-27],[16,-21],[32,-16],[10,-20],[6,-27],[6,-45],[20,-82],[4,-30],[7,-10],[8,-6],[9,-1],[4,-9],[5,-41],[3,-17],[39,-64],[9,-8],[8,-5],[59,-71],[11,-23],[5,-22],[14,-119],[0,-15],[4,-19],[8,-8],[10,-5],[7,-10],[4,-15],[-1,-12],[-2,-11],[-1,-15],[2,-12],[5,-8],[13,-12],[35,-63],[13,-14],[7,-1],[13,8],[6,3],[11,-2],[5,-6],[4,-9],[6,-12],[17,-14],[6,-10],[2,-18],[-2,-16],[-2,-12],[3,-9],[11,-6],[13,25],[14,15],[18,6],[20,2],[13,3],[26,15],[16,0],[18,-8],[16,-15],[11,-23],[4,-35],[7,-26],[18,-22],[20,-16],[12,-8],[19,-5],[17,-11],[12,-22],[7,-78],[8,-20],[13,-11],[36,-21],[5,-6],[40,-76],[6,-7],[12,-6],[6,-6],[7,-19],[-1,-13],[-6,-12],[-7,-18],[-4,-32],[4,-31],[12,-23],[29,-15],[16,-26],[11,-6],[24,-1],[1,-3],[1,-6],[7,-21],[3,-13],[6,-12],[11,-9],[8,-1],[23,9],[22,-6],[7,-17],[2,-27],[11,-35],[4,-7],[9,-6],[5,-6],[15,-29],[8,-1],[20,3],[8,-6],[16,-19],[14,4],[30,30],[31,14],[16,-1],[7,-19],[-3,-29],[-6,-26],[-4,-28],[3,-35],[11,-51],[13,-44],[9,-15],[14,-12],[15,-5],[12,8],[12,11],[12,1],[12,-9],[11,-17],[5,-22],[0,-18],[4,-13],[17,-4],[12,9],[21,39],[15,9],[8,-3],[9,-7],[7,-11],[3,-13],[-1,-17],[-3,-11],[-3,-10],[-3,-14],[-6,-50],[0,-22],[4,-18],[10,-8],[14,2],[26,11],[-6,14],[-18,13],[-10,10],[13,27],[8,25],[8,18],[17,7],[16,-17],[10,-67],[15,-1],[8,15],[9,39],[7,12],[10,-2],[12,-11],[12,-15],[8,-15],[25,-62],[14,-23],[21,-14],[17,-2],[19,4],[10,17],[-18,62],[13,10],[21,-1],[15,-6],[34,-37],[32,-52],[34,-43],[40,-9],[25,26],[35,80],[29,16],[24,-2],[9,8],[8,24],[4,25],[-2,23],[-4,19],[-8,18],[25,47],[66,4],[26,35],[5,38],[-1,43],[-10,36],[-21,15],[-7,7],[5,17],[16,28],[6,15],[9,34],[8,13],[19,8],[14,-14],[14,-21],[27,-16],[14,-26],[10,-6],[12,4],[18,19],[11,4],[18,-10],[19,-28],[33,-61],[17,-22],[16,-7],[10,13],[-2,39],[-27,68],[-8,39],[13,17],[19,8],[15,18],[29,50],[12,19],[12,9],[22,10],[20,4],[9,-8],[4,-10],[8,-9],[8,-12],[4,-17],[4,-32],[3,-18],[2,-12],[13,-16],[16,-2],[32,8],[29,0],[12,3],[5,8],[3,11],[6,16],[45,55],[15,27],[39,90],[60,87],[26,13],[23,-25],[3,-20],[2,-25],[7,-20],[17,-2],[13,19],[25,63],[13,14],[9,6],[12,10],[11,7],[11,-8],[22,-40],[13,-16],[19,-10],[11,-12],[5,-3],[8,-3],[44,4],[11,-2],[14,-10],[15,13],[36,5],[14,15],[15,29],[13,16],[15,5],[18,-6],[55,-50],[20,-7],[16,5],[31,25],[18,8],[16,0],[44,-10],[19,-9],[11,-24],[16,-62],[13,-24],[14,-5],[14,-1],[19,-16],[17,-9],[2,-2],[6,-6],[5,-15],[6,-25],[8,-24],[8,-18],[11,-12],[14,-4],[10,-7],[25,-33],[13,-8],[24,12],[24,29],[42,65],[31,-85],[12,-21],[32,-36],[9,-15],[12,-11],[14,8],[35,48],[12,9],[13,6],[16,1],[36,-15],[29,-37],[53,-90],[35,-45],[16,-29],[6,-35],[8,-5],[35,2],[11,-3],[8,2],[33,-7],[9,-8],[7,-2],[26,14],[13,1],[12,-6],[12,-11],[11,-15],[11,-20],[8,0],[42,25],[27,28],[21,43],[17,50],[13,49],[13,41],[20,28],[21,3],[18,-33],[-8,-59],[0,-60],[9,-56],[14,-43],[27,-43],[31,-23],[32,0],[30,27],[37,70],[17,20],[7,10],[15,3],[21,-23],[38,-61],[16,-15],[36,-13],[21,-21],[7,3],[8,5],[7,3],[11,-7],[16,-30],[9,-10],[21,3],[20,25],[14,37],[8,40],[23,72],[15,29],[20,14],[8,12],[6,4],[4,-1],[11,-6],[7,-2],[13,3],[30,16],[24,-3],[9,-5],[8,-11],[7,-14],[4,-15],[9,-37],[4,-34],[3,-4],[7,-2],[6,-5],[8,-11],[8,-19],[5,-18],[7,-14],[43,-17],[15,-13],[32,9],[16,-5],[8,-7],[7,-9],[6,-13],[3,-18],[0,-19],[-3,-12],[-4,-10],[-3,-16],[0,-19],[1,-16],[4,-32],[0,-9],[-1,-21],[1,-9],[3,-9],[5,-4],[4,-1],[3,-4],[27,-51],[18,-22],[17,-12],[6,-2],[13,-24],[3,-2],[13,3],[6,-5],[7,-18],[5,-30],[-2,-30],[-6,-28],[-9,-21],[-15,-28],[-5,-14],[-1,-24],[3,-23],[8,-25],[18,-43],[-2,-56],[10,-52],[33,-86],[11,-13],[13,-8]],[[7598,499],[12,-8],[7,-29]],[[7627,443],[2,-8],[0,-72],[1,-7]],[[7630,356],[3,-5],[6,-15]],[[7639,336],[9,-28],[5,-11],[11,-17],[12,-15],[14,-11],[14,-4],[24,0],[8,3],[10,13],[7,3],[8,1],[8,3],[7,5],[5,7],[5,1],[6,-25],[4,-8],[5,-3],[36,-81],[5,-18],[13,-24],[15,-20],[13,-9],[27,3],[16,7],[7,13],[116,-46],[24,-26]],[[8089,10],[0,-10]],[[7526,728],[-13,-33],[1,-76],[9,-127],[5,-22],[61,-99],[21,-44],[-4,-8],[-1,-7],[2,-8],[9,-23],[3,-21],[1,-5],[5,-11],[22,-7],[6,-6],[1,-19],[-4,-17],[-1,-16],[9,-15],[12,14],[5,-4],[2,-12],[0,-12],[3,-23],[6,-8],[8,-5],[20,-22],[5,-7],[2,-11],[2,-13],[3,0],[5,3],[5,-4],[2,-1],[6,-7],[3,-8],[-4,-4],[-5,-2],[-3,-6],[-3,-9],[-1,-11],[8,-12]],[[7872,105],[-5,-31],[6,-14],[8,-12],[8,-43],[2,-5]],[[3091,9929],[-1,-6],[-13,-36],[-19,-21],[-26,-15],[-26,-5],[-21,7],[-8,10],[-22,42],[-7,14],[-11,33],[-8,13],[-9,8],[-8,2],[-17,2],[-19,10],[-8,12]]],"transform":{"scale":[0.0014201420142014203,0.000722072207220722],"translate":[77.25,24.28]},"bbox":[77.25,24.28,91.45,31.5]}